n,margin,real_mean,virtual_mean,bias_real_minus_virtual,ci90_low,ci90_high,p_tost,equivalent,metric,cluster_bootstrap_ci90_low,cluster_bootstrap_ci90_high,cluster_bootstrap_equivalent,robust_verdict
719,10.0,167.1756450196468,169.27350713227057,-2.0978621126237784,-2.7425727114708867,-1.4531515137766702,2.4847024811541843e-134,True,mean_glucose_mgdl,-4.489918846757859,0.33011682506680295,True,Robustly equivalent
719,5.0,37.97394405724515,36.96091253759671,1.0130315196484494,0.81107682462999,1.2149862146669088,1.4272087682961703e-143,True,cv_percent,0.4487279957323907,1.539116497622894,True,Robustly equivalent
719,5.0,58.621471903192074,60.13536998403131,-1.5138980808392397,-1.728753443704247,-1.2990427179742323,4.789063713769393e-236,True,tir_percent,-2.1940040512150096,-0.8808183362128036,True,Robustly equivalent
719,0.5,7.308841428869953,7.359022290603911,-0.05018086173396067,-0.0656023392583835,-0.03475938420953783,8.21055046679018e-277,True,gmi_percent,-0.10739885881444784,0.007896394455598265,True,Robustly equivalent
719,3.0,4.452649288874655,3.0307010765981555,1.4219482122765,1.205869516680635,1.6380269078723648,8.648542428409794e-31,True,tbr_percent,0.602282847959021,2.1799407274505085,True,Robustly equivalent
719,5.0,36.925878807933266,36.83392893937052,0.09194986856274137,-0.13566760813576567,0.3195673452612484,1.5113880486588963e-160,True,tar_percent,-0.4818003447740425,0.8119092856238315,True,Robustly equivalent
719,1.0,1.0537602842616014,0.8325679608134381,0.2211923234481634,0.16751836557096153,0.2748662813253653,1.273486766526179e-93,True,lbgi,0.020111642887142293,0.40112534382640846,True,Robustly equivalent
719,2.0,8.932317373055994,9.160459120848062,-0.22814174779206717,-0.3386896508911761,-0.11759384469295826,1.8572804950521046e-147,True,hbgi,-0.6483473035386693,0.1793421036390292,True,Robustly equivalent
