n,margin,real_mean,virtual_mean,bias_real_minus_virtual,ci90_low,ci90_high,p_tost,equivalent,metric,cluster_bootstrap_ci90_low,cluster_bootstrap_ci90_high,cluster_bootstrap_equivalent,robust_verdict
482,1.0,1.068379410271887,2.0605671208700005,-0.9921877105981134,-1.220063163385787,-0.7643122578104397,0.4774836425206963,False,nocturnal_lbgi,-1.8659176165664462,-0.2907880950418065,False,Not equivalent
482,2.0,8.140574412884279,0.8458680440741028,7.294706368810177,6.9728294714165795,7.616583266203774,1.0,False,nocturnal_hbgi,6.4692729873015224,8.095228677389217,False,Not equivalent
482,1.0,1.2455768892860166,1.6233872325887329,-0.3778103433027164,-0.6646522211852502,-0.09096846542018255,0.00019298612630214151,True,dawn_lbgi,-1.6315767204677867,0.6774153336619686,False,Not robust
482,2.0,7.20084210172981,2.0859376221391845,5.114904479590627,4.7903105703140945,5.439498388867159,1.0,False,dawn_hbgi,4.3385733356045995,5.889308901300726,False,Not equivalent
