model,metric,n,real_mean,virtual_mean,bias_real_minus_virtual,ci90_low,ci90_high,cluster_bootstrap_ci90_low,cluster_bootstrap_ci90_high,paired_equivalent,cluster_equivalent
baseline_3d,nocturnal_lbgi,207,1.0540966393497928,2.1141117540661574,-1.0600151147163648,-1.3912262329015948,-0.7288039965311348,-1.9105628503546122,-0.2883755167503067,False,False
baseline_3d,nocturnal_hbgi,207,7.884065245015238,0.8252415372474126,7.058823707767825,6.6119584053101095,7.505689010225541,6.169069802995789,7.875784477845155,False,False
baseline_3d,dawn_lbgi,207,1.1968879975029723,1.7219325144504771,-0.5250445169475048,-0.9524409311747901,-0.09764810272021934,-1.8598295046584408,0.6974653325789069,True,False
baseline_3d,dawn_hbgi,207,6.977219931938981,2.0665601416424026,4.910659790296578,4.457963781673252,5.363355798919905,4.040514372023265,5.784584655055154,False,False
plus_window_tar,nocturnal_lbgi,207,1.0540966393497928,0.8602181989494077,0.19387844040038538,-0.017476723192495297,0.405233603993266,-0.19817204842959502,0.4322286143691071,True,True
plus_window_tar,nocturnal_hbgi,207,7.884065245015238,4.003649308677796,3.880415936337443,3.5753304471673784,4.185501425507508,3.3659835271999463,4.481651773087675,False,False
plus_window_tar,dawn_lbgi,207,1.1968879975029723,0.3689266383893055,0.8279613591136668,0.6591502967572276,0.9967724214701059,0.5460776995704222,1.0544723663133613,True,False
plus_window_tar,dawn_hbgi,207,6.977219931938981,3.0236914528574177,3.953528479081562,3.5610356812991966,4.346021276863928,2.627622639279551,5.010423868134026,False,False
